uri,title,concepts
7949968492,Google researchers develop new diffusion-based AI system for generating videos - SiliconANGLE,"[{'label': 'artificial intelligence', 'type': 'tech'}, {'label': 'artificial neural network', 'type': 'tech'}, {'label': 'benchmark (computing)', 'type': 'tech'}, {'label': 'machine learning', 'type': 'tech'}, {'label': 'open source software', 'type': 'tech'}, {'label': 'pixel', 'type': 'tech'}, {'label': 'software', 'type': 'tech'}, {'label': 'alphabet inc.', 'type': 'company'}, {'label': 'google', 'type': 'company'}]"
6463479237,Satya Nadella lays out a vision at Ignite 2021: What it means for Microsoft and the cloud - SiliconANGLE,"[{'label': 'artificial intelligence', 'type': 'tech'}, {'label': 'chief executive officer', 'type': 'tech'}, {'label': 'cloud computing', 'type': 'tech'}, {'label': 'computing', 'type': 'tech'}, {'label': 'medicine', 'type': 'tech'}, {'label': 'microsoft azure', 'type': 'tech'}, {'label': 'privacy', 'type': 'tech'}, {'label': 'productivity', 'type': 'tech'}, {'label': 'amazon (company)', 'type': 'company'}, {'label': 'amazon web service', 'type': 'company'}, {'label': 'apple inc.', 'type': 'company'}, {'label': 'dell technology', 'type': 'company'}, {'label': 'google', 'type': 'company'}, {'label': 'ibm', 'type': 'company'}, {'label': 'linkedin', 'type': 'company'}, {'label': 'microsoft', 'type': 'company'}, {'label': 'oracle corporation', 'type': 'company'}, {'label': 'vmware', 'type': 'company'}]"
2025-03-657956149,How to prepare your phone for trade-in,"[{'label': 'android (operating system)', 'type': 'tech'}, {'label': 'app store (ios/ipados)', 'type': 'tech'}, {'label': 'backup', 'type': 'tech'}, {'label': 'bluetooth', 'type': 'tech'}, {'label': 'cloud computing', 'type': 'tech'}, {'label': 'gadget', 'type': 'tech'}, {'label': 'google play', 'type': 'tech'}, {'label': 'headphone', 'type': 'tech'}, {'label': 'icloud', 'type': 'tech'}, {'label': 'iphone', 'type': 'tech'}, {'label': 'library (computing)', 'type': 'tech'}, {'label': 'multi factor authentication', 'type': 'tech'}, {'label': 'nintendo switch', 'type': 'tech'}, {'label': 'password', 'type': 'tech'}, {'label': 'smartphone', 'type': 'tech'}, {'label': 'smartwatch', 'type': 'tech'}, {'label': 'wireless', 'type': 'tech'}, {'label': 'apple inc.', 'type': 'company'}, {'label': 'google', 'type': 'company'}]"
6267133474,"Nvidia tackles code execution flaws, data leaks in GeForce Experience | ZDNet","[{'label': 'artificial intelligence', 'type': 'tech'}, {'label': 'benchmark (computing)', 'type': 'tech'}, {'label': 'geforce', 'type': 'tech'}, {'label': 'hacker', 'type': 'tech'}, {'label': 'microsoft window', 'type': 'tech'}, {'label': 'modular programming', 'type': 'tech'}, {'label': 'privacy', 'type': 'tech'}, {'label': 'software', 'type': 'tech'}, {'label': 'streaming media', 'type': 'tech'}, {'label': 'techrepublic', 'type': 'tech'}, {'label': 'video card', 'type': 'tech'}, {'label': 'nvidia', 'type': 'company'}, {'label': 'whatsapp', 'type': 'company'}]"
2025-05-707546034,Nothing CEO Carl Pei Says He's Using Nothing Phone 3 As His Primary Phone Ahead of Expected Launch in July 2025,"[{'label': 'android (operating system)', 'type': 'tech'}, {'label': 'artificial intelligence', 'type': 'tech'}, {'label': 'central processing unit', 'type': 'tech'}, {'label': 'chief executive officer', 'type': 'tech'}, {'label': 'multi core processor', 'type': 'tech'}, {'label': 'smartphone', 'type': 'tech'}, {'label': 'united states dollar', 'type': 'tech'}, {'label': 'apple inc.', 'type': 'company'}, {'label': 'google', 'type': 'company'}]"
8193987797,"Alibaba Cloud exports Chinese AI models, in translation","[{'label': 'central processing unit', 'type': 'tech'}, {'label': 'chinese language', 'type': 'tech'}, {'label': 'cloud computing', 'type': 'tech'}, {'label': 'engineering', 'type': 'tech'}, {'label': 'english language', 'type': 'tech'}, {'label': 'microsoft azure', 'type': 'tech'}, {'label': 'national security', 'type': 'tech'}, {'label': 'reuter', 'type': 'tech'}, {'label': 'server (computing)', 'type': 'tech'}, {'label': 'startup company', 'type': 'tech'}, {'label': 'telephone company', 'type': 'tech'}, {'label': 'user experience', 'type': 'tech'}, {'label': 'amazon web service', 'type': 'company'}, {'label': 'google', 'type': 'company'}, {'label': 'intel', 'type': 'company'}, {'label': 'microsoft', 'type': 'company'}, {'label': 'openai', 'type': 'company'}]"
6796984033,"Facebook ""Knew What It Was Doing,"" Former Google CEO Eric Schmidt Says","[{'label': 'artificial intelligence', 'type': 'tech'}, {'label': 'chief executive officer', 'type': 'tech'}, {'label': 'computer science', 'type': 'tech'}, {'label': 'metaverse', 'type': 'tech'}, {'label': 'misinformation', 'type': 'tech'}, {'label': 'mobile app', 'type': 'tech'}, {'label': 'the wall street journal', 'type': 'tech'}, {'label': 'u.s. securities and exchange commission', 'type': 'tech'}, {'label': 'united states congress', 'type': 'tech'}, {'label': 'virtual reality', 'type': 'tech'}, {'label': 'alphabet inc.', 'type': 'company'}, {'label': 'bloomberg l.p.', 'type': 'company'}, {'label': 'facebook', 'type': 'company'}, {'label': 'google', 'type': 'company'}, {'label': 'instagram', 'type': 'company'}]"
6430190505,CD Projekt Red hackers have reportedly started leaking their stolen data,"[{'label': 'backup', 'type': 'tech'}, {'label': 'bitcoin', 'type': 'tech'}, {'label': 'computer security', 'type': 'tech'}, {'label': 'encryption', 'type': 'tech'}, {'label': 'hacker', 'type': 'tech'}, {'label': 'information technology', 'type': 'tech'}, {'label': 'metadata', 'type': 'tech'}, {'label': 'open source software', 'type': 'tech'}, {'label': 'ransomware', 'type': 'tech'}, {'label': 'source code', 'type': 'tech'}]"
7613567029,4 preventative steps to avoid a home networking disaster,"[{'label': 'encryption', 'type': 'tech'}, {'label': 'firmware', 'type': 'tech'}, {'label': 'internet', 'type': 'tech'}, {'label': 'password', 'type': 'tech'}, {'label': 'patch (computing)', 'type': 'tech'}, {'label': 'remote desktop software', 'type': 'tech'}, {'label': 'software bug', 'type': 'tech'}, {'label': 'virtual private network', 'type': 'tech'}, {'label': 'wi fi', 'type': 'tech'}]"
6690453753,"Millions to be blocked from Word, Outlook and Powerpoint tomorrow, Microsoft warns","[{'label': 'microsoft edge', 'type': 'tech'}, {'label': 'web browser', 'type': 'tech'}, {'label': 'microsoft', 'type': 'company'}]"
8366783016,"Firefox Is Now ""More Than 75X Faster"" Running WebAssembly","[{'label': 'application software', 'type': 'tech'}, {'label': 'gigabyte', 'type': 'tech'}, {'label': 'javascript', 'type': 'tech'}, {'label': 'linux', 'type': 'tech'}, {'label': 'modular programming', 'type': 'tech'}, {'label': 'mozilla', 'type': 'tech'}, {'label': 'usability', 'type': 'tech'}, {'label': 'x86 64', 'type': 'tech'}, {'label': 'firefox', 'type': 'company'}]"
7606679279,Four ways criminals could use AI to target more victims,"[{'label': 'algorithm', 'type': 'tech'}, {'label': 'artificial intelligence', 'type': 'tech'}, {'label': 'bard (chatbot)', 'type': 'tech'}, {'label': 'chatgpt', 'type': 'tech'}, {'label': 'email', 'type': 'tech'}, {'label': 'marketing', 'type': 'tech'}, {'label': 'mathematic', 'type': 'tech'}, {'label': 'password', 'type': 'tech'}, {'label': 'phishing', 'type': 'tech'}, {'label': 'social media', 'type': 'tech'}, {'label': 'spamming', 'type': 'tech'}]"
2025-05-711412613,"5 reasons I'm buying SSDs, not HDDs","[{'label': 'cable television', 'type': 'tech'}, {'label': 'digital data', 'type': 'tech'}, {'label': 'hard disk drive', 'type': 'tech'}, {'label': 'laptop', 'type': 'tech'}, {'label': 'motherboard', 'type': 'tech'}, {'label': 'nintendo switch', 'type': 'tech'}, {'label': 'personal computer', 'type': 'tech'}, {'label': 'solid state drive', 'type': 'tech'}, {'label': 'asu', 'type': 'company'}, {'label': 'samsung', 'type': 'company'}]"
6262305805,"Airtel suffers service disruption, compensates customers","[{'label': 'pay television', 'type': 'tech'}, {'label': 'public company', 'type': 'tech'}, {'label': 'security hacker', 'type': 'tech'}, {'label': 'sm', 'type': 'tech'}, {'label': 'social media', 'type': 'tech'}]"
7202577227,Some iOS 16 Users Continue to Face Unaddressed Bugs and Battery Drain Two Weeks After Launch,"[{'label': 'io', 'type': 'tech'}, {'label': 'ipado', 'type': 'tech'}, {'label': 'iphone', 'type': 'tech'}, {'label': 'maco', 'type': 'tech'}, {'label': 'macrumor', 'type': 'tech'}, {'label': 'software bug', 'type': 'tech'}, {'label': 'software release life cycle', 'type': 'tech'}, {'label': 'apple inc.', 'type': 'company'}]"
6685593735,Marvel's Guardians of the Galaxy Dev Talks About the Intertwining Designs of Rocket and Groot,"[{'label': 'gameplay', 'type': 'tech'}, {'label': 'nintendo switch', 'type': 'tech'}, {'label': 'personal computer', 'type': 'tech'}, {'label': 'twitter', 'type': 'company'}]"
6750747423,These Countries Have An Internet Kill-Switch (And They Admit It),"[{'label': 'bia', 'type': 'tech'}, {'label': 'blog', 'type': 'tech'}, {'label': 'digital data', 'type': 'tech'}, {'label': 'electricity', 'type': 'tech'}, {'label': 'hacker', 'type': 'tech'}, {'label': 'instant messaging', 'type': 'tech'}, {'label': 'internet', 'type': 'tech'}, {'label': 'internet access', 'type': 'tech'}, {'label': 'medicine', 'type': 'tech'}, {'label': 'mobile phone', 'type': 'tech'}, {'label': 'national security', 'type': 'tech'}, {'label': 'social media', 'type': 'tech'}, {'label': 'software', 'type': 'tech'}, {'label': 'google', 'type': 'company'}]"
6944749864,Cabinet to decide Friday if Malaysia continues with current 5G rollout plan or considers proposals from private sector | Malay Mail,"[{'label': '4g', 'type': 'tech'}, {'label': '5g', 'type': 'tech'}, {'label': 'telephone company', 'type': 'tech'}, {'label': 'reuter', 'type': 'company'}]"
1473879011,One billion Android devices at risk of hacking: researchers,"[{'label': 'android (operating system)', 'type': 'tech'}, {'label': 'android nougat', 'type': 'tech'}, {'label': 'antivirus software', 'type': 'tech'}, {'label': 'cloud computing', 'type': 'tech'}, {'label': 'computing', 'type': 'tech'}, {'label': 'hard disk drive', 'type': 'tech'}, {'label': 'malware', 'type': 'tech'}, {'label': 'mobile app', 'type': 'tech'}, {'label': 'operating system', 'type': 'tech'}, {'label': 'samsung galaxy', 'type': 'tech'}, {'label': 'sm', 'type': 'tech'}, {'label': 'smartphone', 'type': 'tech'}, {'label': 'tablet computer', 'type': 'tech'}, {'label': 'google', 'type': 'company'}, {'label': 'motorola', 'type': 'company'}, {'label': 'samsung', 'type': 'company'}]"
7034907274,I tried the Nothing Launcher and here's my first impression,"[{'label': 'android (operating system)', 'type': 'tech'}, {'label': 'computer keyboard', 'type': 'tech'}, {'label': 'google play', 'type': 'tech'}, {'label': 'icon (computing)', 'type': 'tech'}, {'label': 'mobile app', 'type': 'tech'}, {'label': 'realme', 'type': 'tech'}, {'label': 'smartphone', 'type': 'tech'}, {'label': 'software release life cycle', 'type': 'tech'}, {'label': 'software widget', 'type': 'tech'}, {'label': 'user interface', 'type': 'tech'}, {'label': 'google', 'type': 'company'}]"
7136811098,Keychron Q5 review: It will ruin other mechanical keyboards for you,"[{'label': 'cable television', 'type': 'tech'}, {'label': 'computer keyboard', 'type': 'tech'}, {'label': 'laptop', 'type': 'tech'}, {'label': 'microsoft window', 'type': 'tech'}, {'label': 'printed circuit board', 'type': 'tech'}, {'label': 'logitech', 'type': 'company'}, {'label': 'reddit', 'type': 'company'}]"
6313545103,Blackrota Golang Backdoor Packs Heavy Obfuscation Punch,"[{'label': 'application programming interface', 'type': 'tech'}, {'label': 'backdoor (computing)', 'type': 'tech'}, {'label': 'computer architecture', 'type': 'tech'}, {'label': 'domain name', 'type': 'tech'}, {'label': 'executable', 'type': 'tech'}, {'label': 'go (programming language)', 'type': 'tech'}, {'label': 'linux', 'type': 'tech'}, {'label': 'malware', 'type': 'tech'}, {'label': 'obfuscation (software)', 'type': 'tech'}, {'label': 'shell (computing)', 'type': 'tech'}, {'label': 'source code', 'type': 'tech'}, {'label': 'x86 64', 'type': 'tech'}]"
1411132085,"Cord-cutters want The Mandalorian and Stranger Things, so they're subscribing to both Disney+ and Netflix","[{'label': 'android (operating system)', 'type': 'tech'}, {'label': 'consumer electronics show', 'type': 'tech'}, {'label': 'hulu', 'type': 'tech'}, {'label': 'io', 'type': 'tech'}, {'label': 'iphone', 'type': 'tech'}, {'label': 'mobile app', 'type': 'tech'}, {'label': 'netflix', 'type': 'tech'}, {'label': 'operating system', 'type': 'tech'}, {'label': 'pay television', 'type': 'tech'}, {'label': 'streaming media', 'type': 'tech'}, {'label': 'apple inc.', 'type': 'company'}]"
6088374546,48% of employees are less likely to follow safe data practices when working from home,"[{'label': 'chief executive officer', 'type': 'tech'}, {'label': 'computer security', 'type': 'tech'}, {'label': 'coronaviru', 'type': 'tech'}, {'label': 'email', 'type': 'tech'}, {'label': 'engineering', 'type': 'tech'}, {'label': 'information privacy', 'type': 'tech'}, {'label': 'information technology', 'type': 'tech'}, {'label': 'productivity', 'type': 'tech'}, {'label': 'techrepublic', 'type': 'tech'}, {'label': 'telecommuting', 'type': 'tech'}, {'label': 'verizon communication', 'type': 'company'}]"
6142058190,"PM Modi, Google's Pichai Discuss How Tech Can Transform Lives of Indians","[{'label': 'chief executive officer', 'type': 'tech'}, {'label': 'coronaviru', 'type': 'tech'}, {'label': 'entrepreneurship', 'type': 'tech'}, {'label': 'information technology', 'type': 'tech'}, {'label': 'alphabet inc.', 'type': 'company'}, {'label': 'google', 'type': 'company'}, {'label': 'twitter', 'type': 'company'}]"
6222938874,Flipkart Big Saving Days Sale Begins: Here Are the Best Offers Today,"[{'label': 'electric battery', 'type': 'tech'}, {'label': 'geforce', 'type': 'tech'}, {'label': 'hard disk drive', 'type': 'tech'}, {'label': 'indian rupee', 'type': 'tech'}, {'label': 'io', 'type': 'tech'}, {'label': 'iphone', 'type': 'tech'}, {'label': 'laptop', 'type': 'tech'}, {'label': 'mobile phone', 'type': 'tech'}, {'label': 'random access memory', 'type': 'tech'}, {'label': 'realme', 'type': 'tech'}, {'label': 'samsung galaxy', 'type': 'tech'}, {'label': 'system on a chip', 'type': 'tech'}, {'label': 'flipkart', 'type': 'company'}, {'label': 'google', 'type': 'company'}, {'label': 'intel', 'type': 'company'}, {'label': 'oppo', 'type': 'company'}, {'label': 'samsung', 'type': 'company'}, {'label': 'youtube', 'type': 'company'}]"
6215627950,Nvidia GeForce RTX 3060 Ti reportedly launching in October - KitGuru,"[{'label': 'pci express', 'type': 'tech'}, {'label': 'personal computer', 'type': 'tech'}, {'label': 'printed circuit board', 'type': 'tech'}, {'label': 'radeon', 'type': 'tech'}, {'label': 'ryzen', 'type': 'tech'}, {'label': 'video card', 'type': 'tech'}, {'label': 'advanced micro device', 'type': 'company'}, {'label': 'nvidia', 'type': 'company'}]"
7233059813,iOS 16.1 launches on Monday  --  here's the new features for your iPhone,"[{'label': 'apple watch', 'type': 'tech'}, {'label': 'heart rate', 'type': 'tech'}, {'label': 'icloud', 'type': 'tech'}, {'label': 'io', 'type': 'tech'}, {'label': 'ipado', 'type': 'tech'}, {'label': 'iphone', 'type': 'tech'}, {'label': 'library (computing)', 'type': 'tech'}, {'label': 'maco', 'type': 'tech'}, {'label': 'mobile app', 'type': 'tech'}, {'label': 'patch (computing)', 'type': 'tech'}, {'label': 'real time computing', 'type': 'tech'}, {'label': 'software', 'type': 'tech'}, {'label': 'software release life cycle', 'type': 'tech'}, {'label': 'software widget', 'type': 'tech'}, {'label': 'apple inc.', 'type': 'company'}, {'label': 'whatsapp', 'type': 'company'}]"
8639462092,North Korean hackers target crypto devs with fake recruitment tests,"[{'label': 'api', 'type': 'tech'}, {'label': 'cloud computing', 'type': 'tech'}, {'label': 'computer security', 'type': 'tech'}, {'label': 'github', 'type': 'tech'}, {'label': 'icloud', 'type': 'tech'}, {'label': 'malware', 'type': 'tech'}, {'label': 'metadata', 'type': 'tech'}, {'label': 'mobile app', 'type': 'tech'}, {'label': 'security hacker', 'type': 'tech'}, {'label': 'upwork', 'type': 'tech'}, {'label': 'linkedin', 'type': 'company'}]"
6552287869,Buer malware rewritten in Rust language to curb detection,"[{'label': 'blog', 'type': 'tech'}, {'label': 'go (programming language)', 'type': 'tech'}, {'label': 'java (programming language)', 'type': 'tech'}, {'label': 'linux', 'type': 'tech'}, {'label': 'malware', 'type': 'tech'}, {'label': 'mozilla', 'type': 'tech'}, {'label': 'operating system', 'type': 'tech'}, {'label': 'phishing', 'type': 'tech'}, {'label': 'python (programming language)', 'type': 'tech'}, {'label': 'ransomware', 'type': 'tech'}]"
6766630968,"Amazon copied products and rigged search results to promote its own brands, documents show","[{'label': 'algorithm', 'type': 'tech'}, {'label': 'computer mouse', 'type': 'tech'}, {'label': 'digital data', 'type': 'tech'}, {'label': 'e commerce', 'type': 'tech'}, {'label': 'flipkart', 'type': 'tech'}, {'label': 'intellectual property', 'type': 'tech'}, {'label': 'mobile phone', 'type': 'tech'}, {'label': 'personal computer', 'type': 'tech'}, {'label': 'reuter', 'type': 'tech'}, {'label': 'amazon (company)', 'type': 'company'}, {'label': 'logitech', 'type': 'company'}, {'label': 'walmart', 'type': 'company'}]"
6813792662,Remote work: Developers aren't planning to go back to the office | ZDNet,"[{'label': 'coronaviru', 'type': 'tech'}, {'label': 'java (programming language)', 'type': 'tech'}, {'label': 'javascript', 'type': 'tech'}, {'label': 'open source software', 'type': 'tech'}, {'label': 'productivity', 'type': 'tech'}, {'label': 'python (programming language)', 'type': 'tech'}, {'label': 'software', 'type': 'tech'}, {'label': 'software engineering', 'type': 'tech'}, {'label': 'workflow', 'type': 'tech'}, {'label': 'github', 'type': 'company'}, {'label': 'microsoft', 'type': 'company'}]"
8006801002,"Goodbye ""No Service"": Can Skyphone help usher a new era for iPhone and Galaxy?","[{'label': 'android nougat', 'type': 'tech'}, {'label': 'iphone', 'type': 'tech'}, {'label': 'latency (engineering)', 'type': 'tech'}, {'label': 'samsung galaxy', 'type': 'tech'}, {'label': 'satellite', 'type': 'tech'}, {'label': 'smartphone', 'type': 'tech'}, {'label': 'telecommunication', 'type': 'tech'}, {'label': 'terrestrial television', 'type': 'tech'}, {'label': 'apple inc.', 'type': 'company'}, {'label': 'huawei', 'type': 'company'}, {'label': 'samsung', 'type': 'company'}]"
6009024176,Announcing general availability of incremental snapshots of Managed...,"[{'label': 'application programming interface', 'type': 'tech'}, {'label': 'backup', 'type': 'tech'}, {'label': 'cloud computing', 'type': 'tech'}, {'label': 'hard disk drive', 'type': 'tech'}, {'label': 'information privacy', 'type': 'tech'}, {'label': 'information technology', 'type': 'tech'}, {'label': 'microsoft azure', 'type': 'tech'}, {'label': 'network packet', 'type': 'tech'}, {'label': 'solid state drive', 'type': 'tech'}, {'label': 'vice president', 'type': 'tech'}, {'label': 'dell technology', 'type': 'company'}, {'label': 'microsoft', 'type': 'company'}]"
7112326895,Twitter sues Elon Musk to force him to complete acquisition,"[{'label': 'social media', 'type': 'tech'}, {'label': 'spamming', 'type': 'tech'}, {'label': 'tesla, inc.', 'type': 'company'}, {'label': 'twitter', 'type': 'company'}]"
8440462953,Apple Podcasts Reveals 2024 Show of the Year,"[{'label': 'io', 'type': 'tech'}, {'label': 'iphone', 'type': 'tech'}, {'label': 'apple inc.', 'type': 'company'}]"
6124505180,"Amazon's new Fire HD 8 tablets are more affordable than ever, starting at $60","[{'label': 'android (operating system)', 'type': 'tech'}, {'label': 'central processing unit', 'type': 'tech'}, {'label': 'google play', 'type': 'tech'}, {'label': 'hulu', 'type': 'tech'}, {'label': 'mobile app', 'type': 'tech'}, {'label': 'netflix', 'type': 'tech'}, {'label': 'random access memory', 'type': 'tech'}, {'label': 'smartwatch', 'type': 'tech'}, {'label': 'software', 'type': 'tech'}, {'label': 'spotify', 'type': 'tech'}, {'label': 'tablet computer', 'type': 'tech'}, {'label': 'usb c', 'type': 'tech'}, {'label': 'wireless', 'type': 'tech'}, {'label': 'amazon (company)', 'type': 'company'}, {'label': 'apple inc.', 'type': 'company'}, {'label': 'mediatek', 'type': 'company'}, {'label': 'walmart', 'type': 'company'}]"
7275116589,What is Hive Social? App hits 2M users as buzzy alternative to Twitter,"[{'label': 'algorithm', 'type': 'tech'}, {'label': 'app store (ios/ipados)', 'type': 'tech'}, {'label': 'chief executive officer', 'type': 'tech'}, {'label': 'desktop computer', 'type': 'tech'}, {'label': 'mobile app', 'type': 'tech'}, {'label': 'software bug', 'type': 'tech'}, {'label': 'spotify', 'type': 'tech'}, {'label': 'usability', 'type': 'tech'}, {'label': 'facebook', 'type': 'company'}, {'label': 'instagram', 'type': 'company'}, {'label': 'tesla, inc.', 'type': 'company'}, {'label': 'twitter', 'type': 'company'}]"
6008444356,"Folding@Home Reaches Exascale: 1,500,000,000,000,000,000 Operations Per Second for COVID-19","[{'label': 'central processing unit', 'type': 'tech'}, {'label': 'coronaviru', 'type': 'tech'}, {'label': 'graphics processing unit', 'type': 'tech'}, {'label': 'multi core processor', 'type': 'tech'}, {'label': 'ibm', 'type': 'company'}]"
6218175091,Eero mesh Wi-Fi 6 hardware test results have been spotted at the FCC,"[{'label': 'bluetooth', 'type': 'tech'}, {'label': 'home automation', 'type': 'tech'}, {'label': 'wi fi', 'type': 'tech'}, {'label': 'wireless', 'type': 'tech'}, {'label': 'amazon (company)', 'type': 'company'}, {'label': 'federal communications commission', 'type': 'company'}]"
7221299776,"Chrome's Incognito Mode Is The Butt Of Jokes Among Google Employees, It Seems - SlashGear","[{'label': 'google chrome', 'type': 'tech'}, {'label': 'privacy', 'type': 'tech'}, {'label': 'web browser', 'type': 'tech'}, {'label': 'bloomberg l.p.', 'type': 'company'}, {'label': 'google', 'type': 'company'}]"
2023-11-159979922,How to Customize the Taskbar in Windows 10,"[{'label': 'application software', 'type': 'tech'}, {'label': 'computer mouse', 'type': 'tech'}, {'label': 'desktop computer', 'type': 'tech'}, {'label': 'icon (computing)', 'type': 'tech'}, {'label': 'microsoft edge', 'type': 'tech'}, {'label': 'microsoft window', 'type': 'tech'}, {'label': 'web browser', 'type': 'tech'}]"
2024-05-367356306,Macs don't need Thunderbolt Share support because they've had it for years  --  here's how,"[{'label': 'application software', 'type': 'tech'}, {'label': 'desktop computer', 'type': 'tech'}, {'label': 'icon (computing)', 'type': 'tech'}, {'label': 'latency (engineering)', 'type': 'tech'}, {'label': 'maco', 'type': 'tech'}, {'label': 'microsoft window', 'type': 'tech'}, {'label': 'operating system', 'type': 'tech'}, {'label': 'personal computer', 'type': 'tech'}, {'label': 'remote desktop software', 'type': 'tech'}, {'label': 'the verge', 'type': 'tech'}, {'label': 'apple inc.', 'type': 'company'}, {'label': 'intel', 'type': 'company'}]"
6249045419,Google Fi now directly sells Samsung phones and adds a new 5G map,"[{'label': '5g', 'type': 'tech'}, {'label': 'android (operating system)', 'type': 'tech'}, {'label': 'pixel', 'type': 'tech'}, {'label': 'samsung galaxy', 'type': 'tech'}, {'label': 'google', 'type': 'company'}, {'label': 'motorola', 'type': 'company'}, {'label': 'samsung', 'type': 'company'}]"
6348943310,Microsoft says it identified 40+ victims of the SolarWinds hack | ZDNet,"[{'label': 'antivirus software', 'type': 'tech'}, {'label': 'backdoor (computing)', 'type': 'tech'}, {'label': 'digital data', 'type': 'tech'}, {'label': 'domain name', 'type': 'tech'}, {'label': 'information technology', 'type': 'tech'}, {'label': 'malware', 'type': 'tech'}, {'label': 'microsoft window', 'type': 'tech'}, {'label': 'mobile app', 'type': 'tech'}, {'label': 'operating system', 'type': 'tech'}, {'label': 'reuter', 'type': 'tech'}, {'label': 'security hacker', 'type': 'tech'}, {'label': 'software', 'type': 'tech'}, {'label': 'trojan horse (computing)', 'type': 'tech'}, {'label': 'u.s. securities and exchange commission', 'type': 'tech'}, {'label': 'federal government of the united state', 'type': 'company'}, {'label': 'microsoft', 'type': 'company'}]"
2024-10-517348137,Trump-allied political action committee raises $7.5M in crypto,"[{'label': 'bitcoin', 'type': 'tech'}, {'label': 'chief executive officer', 'type': 'tech'}, {'label': 'cryptocurrency', 'type': 'tech'}, {'label': 'nonprofit organization', 'type': 'tech'}, {'label': 'ripple (payment protocol)', 'type': 'tech'}, {'label': 'u.s. securities and exchange commission', 'type': 'tech'}, {'label': 'democratic party (united states)', 'type': 'company'}]"
2024-03-304385055,"After students raise 'casteist slogans', Ashoka University says it deplores hatred directed against any individual or group","[{'label': 'bia', 'type': 'tech'}, {'label': 'social media', 'type': 'tech'}, {'label': 'university', 'type': 'tech'}]"
7281905680,"Peter Thiel's VC fund backs TreeCard, a fintech that plants trees when you spend","[{'label': 'bank', 'type': 'tech'}, {'label': 'desktop computer', 'type': 'tech'}, {'label': 'digital data', 'type': 'tech'}, {'label': 'entrepreneurship', 'type': 'tech'}, {'label': 'instant messaging', 'type': 'tech'}, {'label': 'mobile app', 'type': 'tech'}, {'label': 'search engine', 'type': 'tech'}, {'label': 'startup company', 'type': 'tech'}]"
2023-11-150872789,"""No one is safe"": Robot approaches factory worker & finishes him to death at once, details emerges","[{'label': 'artificial intelligence', 'type': 'tech'}, {'label': 'car', 'type': 'tech'}, {'label': 'ethic', 'type': 'tech'}, {'label': 'robot', 'type': 'tech'}, {'label': 'robotic', 'type': 'tech'}]"
1459633306,What if 5G fails? A preview of life after faith in technology | ZDNet,"[{'label': '4g', 'type': 'tech'}, {'label': '5g', 'type': 'tech'}, {'label': 'chipset', 'type': 'tech'}, {'label': 'intellectual property', 'type': 'tech'}, {'label': 'source code', 'type': 'tech'}, {'label': 'telecommunication', 'type': 'tech'}, {'label': 'telephone company', 'type': 'tech'}, {'label': 'wireless', 'type': 'tech'}, {'label': 'democratic party (united states)', 'type': 'company'}, {'label': 'federal communications commission', 'type': 'company'}, {'label': 'huawei', 'type': 'company'}, {'label': 'instagram', 'type': 'company'}, {'label': 'the wall street journal', 'type': 'company'}, {'label': 'twitter', 'type': 'company'}, {'label': 'uber', 'type': 'company'}, {'label': 'verizon communication', 'type': 'company'}]"
8654893256,Google will show us what's new on Android a week before I/O 2025,"[{'label': 'android (operating system)', 'type': 'tech'}, {'label': 'artificial intelligence', 'type': 'tech'}, {'label': 'email', 'type': 'tech'}, {'label': 'google pixel', 'type': 'tech'}, {'label': 'software release life cycle', 'type': 'tech'}, {'label': 'streaming media', 'type': 'tech'}, {'label': 'google', 'type': 'company'}, {'label': 'youtube', 'type': 'company'}]"
6074998567,House Dems: 'Extremists' Infiltrate Anti-Lockdown Protests to 'Terrorize',"[{'label': 'asian american', 'type': 'tech'}, {'label': 'coronaviru', 'type': 'tech'}, {'label': 'democratic party (united states)', 'type': 'company'}]"
6357773872,"The Apple car, briefly explained","[{'label': 'automotive industry', 'type': 'tech'}, {'label': 'chief executive officer', 'type': 'tech'}, {'label': 'electric battery', 'type': 'tech'}, {'label': 'electric car', 'type': 'tech'}, {'label': 'iphone', 'type': 'tech'}, {'label': 'operating system', 'type': 'tech'}, {'label': 'reuter', 'type': 'tech'}, {'label': 'sensor', 'type': 'tech'}, {'label': 'software', 'type': 'tech'}, {'label': 'startup company', 'type': 'tech'}, {'label': 'the wall street journal', 'type': 'tech'}, {'label': 'apple inc.', 'type': 'company'}, {'label': 'google', 'type': 'company'}, {'label': 'tesla, inc.', 'type': 'company'}, {'label': 'uber', 'type': 'company'}]"
8378133773,"ServiceNow Names Enterprise Software Industry Veteran Amit Zavery as President, CPO, and COO to Lead Product and Engineering","[{'label': 'artificial intelligence', 'type': 'tech'}, {'label': 'chief executive officer', 'type': 'tech'}, {'label': 'cloud computing', 'type': 'tech'}, {'label': 'engineering', 'type': 'tech'}, {'label': 'java (programming language)', 'type': 'tech'}, {'label': 'software engineering', 'type': 'tech'}, {'label': 'user experience', 'type': 'tech'}, {'label': 'vice president', 'type': 'tech'}, {'label': 'oracle corporation', 'type': 'company'}]"
7876462984,Google picks 20 Indian AI startups for accelerator programme,"[{'label': 'artificial intelligence', 'type': 'tech'}, {'label': 'mobile app', 'type': 'tech'}, {'label': 'search engine', 'type': 'tech'}, {'label': 'startup company', 'type': 'tech'}, {'label': 'google', 'type': 'company'}]"
7838930298,"Rivian bricks infotainment system, has already rolled out OTA remedy","[{'label': 'automotive industry', 'type': 'tech'}, {'label': 'mobile app', 'type': 'tech'}, {'label': 'patch (computing)', 'type': 'tech'}, {'label': 'smartphone', 'type': 'tech'}, {'label': 'software', 'type': 'tech'}, {'label': 'terrestrial television', 'type': 'tech'}, {'label': 'reddit', 'type': 'company'}]"
7719695556,Privacy Sandbox pushes cookies to the back burner in Google Chrome,"[{'label': 'android (operating system)', 'type': 'tech'}, {'label': 'api', 'type': 'tech'}, {'label': 'google chrome', 'type': 'tech'}, {'label': 'privacy', 'type': 'tech'}, {'label': 'safari (web browser)', 'type': 'tech'}, {'label': 'software release life cycle', 'type': 'tech'}, {'label': 'web browser', 'type': 'tech'}, {'label': 'apple inc.', 'type': 'company'}, {'label': 'google', 'type': 'company'}]"
7518446629,Tim Cook Knows if You're Naughty or Nice: Apple Wants to Use AI to Track Your Emotions,"[{'label': 'app store (ios/ipados)', 'type': 'tech'}, {'label': 'apple watch', 'type': 'tech'}, {'label': 'artificial intelligence', 'type': 'tech'}, {'label': 'health care', 'type': 'tech'}, {'label': 'ipad', 'type': 'tech'}, {'label': 'iphone', 'type': 'tech'}, {'label': 'mobile app', 'type': 'tech'}, {'label': 'startup company', 'type': 'tech'}, {'label': 'tablet computer', 'type': 'tech'}, {'label': 'apple inc.', 'type': 'company'}, {'label': 'bloomberg l.p.', 'type': 'company'}, {'label': 'google', 'type': 'company'}]"
7088487186,iPads might lose their smart home hub abilities in iOS 16,"[{'label': 'io', 'type': 'tech'}, {'label': 'ipad', 'type': 'tech'}, {'label': 'macrumor', 'type': 'tech'}, {'label': 'mobile app', 'type': 'tech'}, {'label': 'apple inc.', 'type': 'company'}]"
8153731197,Man electrocuted while stealing armoured cable in Rivers,"[{'label': 'cable television', 'type': 'tech'}, {'label': 'electricity', 'type': 'tech'}]"
6148130827,Google is preparing an emoji bar in Gboard for Android,"[{'label': 'computer keyboard', 'type': 'tech'}, {'label': 'io', 'type': 'tech'}, {'label': 'mobile app', 'type': 'tech'}, {'label': 'apple inc.', 'type': 'company'}, {'label': 'google', 'type': 'company'}]"
7426254651,TikTok sets new default time limits for minors,"[{'label': 'algorithm', 'type': 'tech'}, {'label': 'blog', 'type': 'tech'}, {'label': 'internet', 'type': 'tech'}, {'label': 'minor (law)', 'type': 'tech'}, {'label': 'mobile app', 'type': 'tech'}, {'label': 'social media', 'type': 'tech'}, {'label': 'united states congress', 'type': 'tech'}, {'label': 'facebook', 'type': 'company'}, {'label': 'federal government of the united state', 'type': 'company'}, {'label': 'instagram', 'type': 'company'}, {'label': 'republican party (united states)', 'type': 'company'}]"
2024-04-340392117,"Huawei's upcoming OS, HarmonyOS NEXT, delivers smooth performance on par with existing systems","[{'label': 'android (operating system)', 'type': 'tech'}, {'label': 'harmonyo', 'type': 'tech'}, {'label': 'mobile app', 'type': 'tech'}, {'label': 'operating system', 'type': 'tech'}, {'label': 'smartphone', 'type': 'tech'}, {'label': 'software', 'type': 'tech'}, {'label': 'software release life cycle', 'type': 'tech'}, {'label': 'user experience', 'type': 'tech'}, {'label': 'huawei', 'type': 'company'}]"
2024-07-424016011,What we know about OpenAI's secretive 'Project Strawberry',"[{'label': 'artificial intelligence', 'type': 'tech'}, {'label': 'benchmark (computing)', 'type': 'tech'}, {'label': 'chatgpt', 'type': 'tech'}, {'label': 'chief executive officer', 'type': 'tech'}, {'label': 'ethic', 'type': 'tech'}, {'label': 'human brain', 'type': 'tech'}, {'label': 'mathematic', 'type': 'tech'}, {'label': 'reuter', 'type': 'tech'}, {'label': 'bloomberg l.p.', 'type': 'company'}, {'label': 'openai', 'type': 'company'}]"
7440891005,Sending WhatsApp messages to your friends could soon be illegal - here's why,"[{'label': 'bank', 'type': 'tech'}, {'label': 'computing', 'type': 'tech'}, {'label': 'encryption', 'type': 'tech'}, {'label': 'internet', 'type': 'tech'}, {'label': 'internet access', 'type': 'tech'}, {'label': 'mobile app', 'type': 'tech'}, {'label': 'pornography', 'type': 'tech'}, {'label': 'social media', 'type': 'tech'}, {'label': 'virtual private network', 'type': 'tech'}, {'label': 'meta platform', 'type': 'company'}, {'label': 'whatsapp', 'type': 'company'}]"
6144891997,"Now is the time to build a better internet, the coronavirus pandemic...","[{'label': 'algorithm', 'type': 'tech'}, {'label': 'coronaviru', 'type': 'tech'}, {'label': 'internet', 'type': 'tech'}, {'label': 'machine learning', 'type': 'tech'}, {'label': 'misinformation', 'type': 'tech'}, {'label': 'security hacker', 'type': 'tech'}, {'label': 'telecommuting', 'type': 'tech'}, {'label': 'web traffic', 'type': 'tech'}, {'label': 'facebook', 'type': 'company'}, {'label': 'firefox', 'type': 'company'}, {'label': 'microsoft', 'type': 'company'}, {'label': 'mozilla', 'type': 'company'}, {'label': 'youtube', 'type': 'company'}]"
7358268012,What Is Machine Vision? | eWEEK,"[{'label': 'algorithm', 'type': 'tech'}, {'label': 'artificial intelligence', 'type': 'tech'}, {'label': 'coronaviru', 'type': 'tech'}, {'label': 'digital data', 'type': 'tech'}, {'label': 'health care', 'type': 'tech'}, {'label': 'machine learning', 'type': 'tech'}, {'label': 'sensor', 'type': 'tech'}, {'label': 'software', 'type': 'tech'}]"
2024-09-493254361,"HarmonyOS NEXT hits 10,000 apps, signaling maturation of Huawei's app ecosystem","[{'label': 'android (operating system)', 'type': 'tech'}, {'label': 'computing', 'type': 'tech'}, {'label': 'harmonyo', 'type': 'tech'}, {'label': 'io', 'type': 'tech'}, {'label': 'library (computing)', 'type': 'tech'}, {'label': 'mobile app', 'type': 'tech'}, {'label': 'operating system', 'type': 'tech'}, {'label': 'huawei', 'type': 'company'}]"
7367589712,Can Machine Learning Models Help Fight Cybercrime?,"[{'label': 'algorithm', 'type': 'tech'}, {'label': 'antivirus software', 'type': 'tech'}, {'label': 'artificial neural network', 'type': 'tech'}, {'label': 'computer architecture', 'type': 'tech'}, {'label': 'computer security', 'type': 'tech'}, {'label': 'machine learning', 'type': 'tech'}, {'label': 'mathematic', 'type': 'tech'}, {'label': 'network packet', 'type': 'tech'}, {'label': 'phishing', 'type': 'tech'}, {'label': 'real time computing', 'type': 'tech'}, {'label': 'spamming', 'type': 'tech'}, {'label': 'linkedin', 'type': 'company'}, {'label': 'samsung', 'type': 'company'}]"
7171917526,Here's What to Expect From the iPhone 14,"[{'label': 'internet', 'type': 'tech'}, {'label': 'iphone', 'type': 'tech'}, {'label': 'macrumor', 'type': 'tech'}, {'label': 'microphone', 'type': 'tech'}, {'label': 'mobile app', 'type': 'tech'}, {'label': 'privacy', 'type': 'tech'}, {'label': 'the verge', 'type': 'tech'}, {'label': 'united states dollar', 'type': 'tech'}, {'label': 'apple inc.', 'type': 'company'}, {'label': 'forbe', 'type': 'company'}, {'label': 'qualcomm', 'type': 'company'}, {'label': 'samsung', 'type': 'company'}, {'label': 'sina weibo', 'type': 'company'}, {'label': 'twitter', 'type': 'company'}]"
6851772159,Top WordPress Plugins That Use AI,"[{'label': 'artificial intelligence', 'type': 'tech'}, {'label': 'backdoor (computing)', 'type': 'tech'}, {'label': 'blog', 'type': 'tech'}, {'label': 'gpt 3', 'type': 'tech'}, {'label': 'javascript', 'type': 'tech'}, {'label': 'malware', 'type': 'tech'}, {'label': 'obfuscation (software)', 'type': 'tech'}, {'label': 'search engine optimization', 'type': 'tech'}, {'label': 'shell (computing)', 'type': 'tech'}, {'label': 'software widget', 'type': 'tech'}, {'label': 'trojan horse (computing)', 'type': 'tech'}, {'label': 'facebook', 'type': 'company'}, {'label': 'google', 'type': 'company'}, {'label': 'linkedin', 'type': 'company'}, {'label': 'openai', 'type': 'company'}, {'label': 'whatsapp', 'type': 'company'}]"
8171060522,Google Home: The everything app for your smart home needs,"[{'label': 'android (operating system)', 'type': 'tech'}, {'label': 'app store (ios/ipados)', 'type': 'tech'}, {'label': 'electric battery', 'type': 'tech'}, {'label': 'gadget', 'type': 'tech'}, {'label': 'google pixel', 'type': 'tech'}, {'label': 'google play', 'type': 'tech'}, {'label': 'home automation', 'type': 'tech'}, {'label': 'io', 'type': 'tech'}, {'label': 'mobile app', 'type': 'tech'}, {'label': 'operating system', 'type': 'tech'}, {'label': 'robot', 'type': 'tech'}, {'label': 'samsung galaxy', 'type': 'tech'}, {'label': 'smartwatch', 'type': 'tech'}, {'label': 'user interface', 'type': 'tech'}, {'label': 'wireless', 'type': 'tech'}, {'label': 'google', 'type': 'company'}, {'label': 'oneplu', 'type': 'company'}, {'label': 'samsung', 'type': 'company'}]"
2024-03-290461907,Pornhub Block Expands to Texas: How to Watch Anyway,"[{'label': 'computer science', 'type': 'tech'}, {'label': 'encryption', 'type': 'tech'}, {'label': 'federal communications commission', 'type': 'tech'}, {'label': 'minor (law)', 'type': 'tech'}, {'label': 'pornography', 'type': 'tech'}, {'label': 'privacy', 'type': 'tech'}, {'label': 'server (computing)', 'type': 'tech'}, {'label': 'virtual private network', 'type': 'tech'}, {'label': 'web browser', 'type': 'tech'}, {'label': 'web traffic', 'type': 'tech'}]"
1461326267,"Israeli hi-tech industry faces shortage of 18,500 employees - study","[{'label': 'nonprofit organization', 'type': 'tech'}, {'label': 'research and development', 'type': 'tech'}, {'label': 'software', 'type': 'tech'}, {'label': 'startup company', 'type': 'tech'}, {'label': 'university', 'type': 'tech'}]"
2025-03-652797902,Trump Signs Order to Establish Strategic Bitcoin Reserve,"[{'label': 'bitcoin', 'type': 'tech'}, {'label': 'cryptocurrency', 'type': 'tech'}, {'label': 'ethic', 'type': 'tech'}, {'label': 'ripple (payment protocol)', 'type': 'tech'}, {'label': 'social media', 'type': 'tech'}, {'label': 'republican party (united states)', 'type': 'company'}, {'label': 'reuter', 'type': 'company'}]"
6323223945,Samsung Galaxy A32 5G appears in CAD renders with an Infinity-V display,"[{'label': '5g', 'type': 'tech'}, {'label': 'microphone', 'type': 'tech'}, {'label': 'samsung galaxy', 'type': 'tech'}, {'label': 'sensor', 'type': 'tech'}, {'label': 'smartphone', 'type': 'tech'}, {'label': 'usb c', 'type': 'tech'}]"
8469602669,100+ Linux Benchmarks Of Intel Arrow Lake With New BIOS / 0x114 CPU Microcode,"[{'label': 'benchmark (computing)', 'type': 'tech'}, {'label': 'linux', 'type': 'tech'}, {'label': 'microcode', 'type': 'tech'}, {'label': 'motherboard', 'type': 'tech'}, {'label': 'patch (computing)', 'type': 'tech'}, {'label': 'software', 'type': 'tech'}, {'label': 'asu', 'type': 'company'}, {'label': 'intel', 'type': 'company'}]"
6815271391,"Press briefing on next week's plenary session - Friday, 19 November, at 11.00 | News | European Parliament","[{'label': 'coronaviru', 'type': 'tech'}, {'label': 'english language', 'type': 'tech'}, {'label': 'google chrome', 'type': 'tech'}, {'label': 'headphone', 'type': 'tech'}, {'label': 'information technology', 'type': 'tech'}, {'label': 'ipad', 'type': 'tech'}, {'label': 'microphone', 'type': 'tech'}, {'label': 'microsoft window', 'type': 'tech'}, {'label': 'safari (web browser)', 'type': 'tech'}, {'label': 'web browser', 'type': 'tech'}]"
8165167525,Provo bride-to-be flies off truck while trying to hold down mattress,"[{'label': 'asian american', 'type': 'tech'}, {'label': 'gravity', 'type': 'tech'}]"
7756741544,"Meta join hands with Microsoft Bing to bring AI chatbot to Instagram, Facebook, and WhatsApp","[{'label': 'artificial intelligence', 'type': 'tech'}, {'label': 'bard (chatbot)', 'type': 'tech'}, {'label': 'blog', 'type': 'tech'}, {'label': 'chatgpt', 'type': 'tech'}, {'label': 'chief executive officer', 'type': 'tech'}, {'label': 'english language', 'type': 'tech'}, {'label': 'metaverse', 'type': 'tech'}, {'label': 'privacy', 'type': 'tech'}, {'label': 'real time computing', 'type': 'tech'}, {'label': 'facebook', 'type': 'company'}, {'label': 'instagram', 'type': 'company'}, {'label': 'meta platform', 'type': 'company'}, {'label': 'openai', 'type': 'company'}, {'label': 'whatsapp', 'type': 'company'}]"
6948540077,A new standard could let companies build processors out of Lego-like chiplets,"[{'label': 'central processing unit', 'type': 'tech'}, {'label': 'graphics processing unit', 'type': 'tech'}, {'label': 'multi core processor', 'type': 'tech'}, {'label': 'pci express', 'type': 'tech'}, {'label': 'personal computer', 'type': 'tech'}, {'label': 'ryzen', 'type': 'tech'}, {'label': 'system on a chip', 'type': 'tech'}, {'label': 'advanced micro device', 'type': 'company'}, {'label': 'google', 'type': 'company'}, {'label': 'intel', 'type': 'company'}, {'label': 'meta platform', 'type': 'company'}, {'label': 'microsoft', 'type': 'company'}, {'label': 'qualcomm', 'type': 'company'}, {'label': 'samsung', 'type': 'company'}]"
7246955426,Canadian government backs EXFO 5G research,"[{'label': '5g', 'type': 'tech'}, {'label': 'artificial intelligence', 'type': 'tech'}, {'label': 'chief executive officer', 'type': 'tech'}, {'label': 'cloud computing', 'type': 'tech'}, {'label': 'computer security', 'type': 'tech'}, {'label': 'machine learning', 'type': 'tech'}, {'label': 'research and development', 'type': 'tech'}]"
6241579606,Star Wars: Squadrons VR setup tips,"[{'label': 'personal computer', 'type': 'tech'}, {'label': 'refresh rate', 'type': 'tech'}, {'label': 'usb c', 'type': 'tech'}, {'label': 'virtual reality', 'type': 'tech'}]"
6068314575,Latvian company AirDog purchased by US technology giant,"[{'label': 'chief executive officer', 'type': 'tech'}, {'label': 'consumer electronics show', 'type': 'tech'}, {'label': 'home automation', 'type': 'tech'}, {'label': 'information technology', 'type': 'tech'}, {'label': 'public company', 'type': 'tech'}, {'label': 'research and development', 'type': 'tech'}, {'label': 'robotic', 'type': 'tech'}]"
7807740089,Discovering the Internet's Pulse: Top Google Searches Unveiled | stupidDOPE,"[{'label': 'index term', 'type': 'tech'}, {'label': 'social media', 'type': 'tech'}, {'label': 'amazon (company)', 'type': 'company'}, {'label': 'facebook', 'type': 'company'}, {'label': 'google', 'type': 'company'}, {'label': 'instagram', 'type': 'company'}, {'label': 'youtube', 'type': 'company'}]"
7526734600,10 ways to build quality backlinks for any website,"[{'label': 'blog', 'type': 'tech'}, {'label': 'e commerce', 'type': 'tech'}, {'label': 'email', 'type': 'tech'}, {'label': 'index term', 'type': 'tech'}, {'label': 'marketing', 'type': 'tech'}, {'label': 'search engine optimization', 'type': 'tech'}, {'label': 'upwork', 'type': 'tech'}, {'label': 'facebook', 'type': 'company'}, {'label': 'forbe', 'type': 'company'}, {'label': 'google', 'type': 'company'}, {'label': 'microsoft', 'type': 'company'}, {'label': 'twitter', 'type': 'company'}, {'label': 'vmware', 'type': 'company'}]"
2024-11-547964986,Knife attack at a vocational school in eastern China leaves 8 dead and 17 injured,"[{'label': 'internet', 'type': 'tech'}, {'label': 'social media', 'type': 'tech'}, {'label': 'google', 'type': 'company'}, {'label': 'sina weibo', 'type': 'company'}]"
2023-12-199529594,8 ChatGPT tools for R programming,"[{'label': 'api', 'type': 'tech'}, {'label': 'artificial intelligence', 'type': 'tech'}, {'label': 'chatgpt', 'type': 'tech'}, {'label': 'gpt 3', 'type': 'tech'}, {'label': 'mobile app', 'type': 'tech'}, {'label': 'python (programming language)', 'type': 'tech'}, {'label': 'workflow', 'type': 'tech'}, {'label': 'github', 'type': 'company'}, {'label': 'openai', 'type': 'company'}, {'label': 'twitter', 'type': 'company'}]"
8142357959,AMD just accidentally confirmed two new Radeon GPUs,"[{'label': 'artificial intelligence', 'type': 'tech'}, {'label': 'graphics processing unit', 'type': 'tech'}, {'label': 'open source software', 'type': 'tech'}, {'label': 'radeon', 'type': 'tech'}, {'label': 'nvidia', 'type': 'company'}]"
7443865182,"Outlook for Android, iOS to get own Multi-factor authentication capability this month","[{'label': 'android (operating system)', 'type': 'tech'}, {'label': 'io', 'type': 'tech'}, {'label': 'microsoft azure', 'type': 'tech'}, {'label': 'mobile app', 'type': 'tech'}, {'label': 'multi factor authentication', 'type': 'tech'}, {'label': 'software', 'type': 'tech'}, {'label': 'software release life cycle', 'type': 'tech'}, {'label': 'apple inc.', 'type': 'company'}, {'label': 'microsoft', 'type': 'company'}, {'label': 'twitter', 'type': 'company'}]"
6750187682,Intel rolls out second-gen Loihi neuromorphic chip with big results in optimization problems | ZDNet,"[{'label': 'artificial intelligence', 'type': 'tech'}, {'label': 'central processing unit', 'type': 'tech'}, {'label': 'human brain', 'type': 'tech'}, {'label': 'java (programming language)', 'type': 'tech'}, {'label': 'microcode', 'type': 'tech'}, {'label': 'facebook', 'type': 'company'}, {'label': 'github', 'type': 'company'}, {'label': 'google', 'type': 'company'}, {'label': 'intel', 'type': 'company'}]"
7571233656,Many Gigabyte PC models affected by major supply chain issue | Tech...,"[{'label': 'application software', 'type': 'tech'}, {'label': 'backdoor (computing)', 'type': 'tech'}, {'label': 'executable', 'type': 'tech'}, {'label': 'firmware', 'type': 'tech'}, {'label': 'gigabyte', 'type': 'tech'}, {'label': 'microsoft window', 'type': 'tech'}, {'label': 'motherboard', 'type': 'tech'}, {'label': 'personal computer', 'type': 'tech'}, {'label': 'server (computing)', 'type': 'tech'}, {'label': 'startup company', 'type': 'tech'}]"
2023-11-161028300,Apple sets a deadline for your Christmas shopping,"[{'label': 'android (operating system)', 'type': 'tech'}, {'label': 'chipset', 'type': 'tech'}, {'label': 'home automation', 'type': 'tech'}, {'label': 'io', 'type': 'tech'}, {'label': 'ipad', 'type': 'tech'}, {'label': 'satellite', 'type': 'tech'}, {'label': 'smartphone', 'type': 'tech'}, {'label': 'tablet computer', 'type': 'tech'}, {'label': 'virtual reality', 'type': 'tech'}, {'label': 'apple inc.', 'type': 'company'}, {'label': 'logitech', 'type': 'company'}, {'label': 'mediatek', 'type': 'company'}, {'label': 'motorola', 'type': 'company'}, {'label': 'oneplu', 'type': 'company'}, {'label': 'oppo', 'type': 'company'}]"
6216201994,"Android 11 update, new launches from Samsung, Poco and Redmi, Zoom's new security feature, and more in top tech news of the week | Gadgets Now","[{'label': 'chinese language', 'type': 'tech'}, {'label': 'gameplay', 'type': 'tech'}, {'label': 'heart rate', 'type': 'tech'}, {'label': 'indian rupee', 'type': 'tech'}, {'label': 'mobile app', 'type': 'tech'}, {'label': 'sensor', 'type': 'tech'}]"
7250053150,US Army digs deeper to develop robotic breachers,"[{'label': 'robot', 'type': 'tech'}, {'label': 'robotic', 'type': 'tech'}]"
6748433658,Ford Mustang Mach-E fails a key safety test that the Tesla Model Y aced,"[{'label': 'car', 'type': 'tech'}, {'label': 'electric car', 'type': 'tech'}]"
6742258719,iPhone 13 Pro Max Gets Nearly 10 Hours of Battery Life in Continuous Usage Test,"[{'label': 'electric battery', 'type': 'tech'}, {'label': 'iphone', 'type': 'tech'}, {'label': 'refresh rate', 'type': 'tech'}, {'label': 'youtube', 'type': 'tech'}]"
